{
    "ADI": {
        "precision": 0.8739946380697051,
        "recall": 0.8402061855670103,
        "f1-score": 0.8567674113009198,
        "support": 388.0
    },
    "DEB": {
        "precision": 0.7424657534246575,
        "recall": 0.6966580976863753,
        "f1-score": 0.7188328912466844,
        "support": 389.0
    },
    "LYM": {
        "precision": 0.8647959183673469,
        "recall": 0.87146529562982,
        "f1-score": 0.8681177976952625,
        "support": 389.0
    },
    "MUC": {
        "precision": 0.6673960612691466,
        "recall": 0.7860824742268041,
        "f1-score": 0.7218934911242604,
        "support": 388.0
    },
    "MUS": {
        "precision": 0.8057971014492754,
        "recall": 0.7146529562982005,
        "f1-score": 0.7574931880108992,
        "support": 389.0
    },
    "NOR": {
        "precision": 0.6866485013623979,
        "recall": 0.6478149100257069,
        "f1-score": 0.6666666666666666,
        "support": 389.0
    },
    "STR": {
        "precision": 0.6497695852534562,
        "recall": 0.7249357326478149,
        "f1-score": 0.6852976913730255,
        "support": 389.0
    },
    "TUM": {
        "precision": 0.6861702127659575,
        "recall": 0.6649484536082474,
        "f1-score": 0.675392670157068,
        "support": 388.0
    },
    "accuracy": 0.7433258282405918,
    "macro avg": {
        "precision": 0.7471297214952428,
        "recall": 0.7433455132112474,
        "f1-score": 0.7438077259468483,
        "support": 3109.0
    },
    "weighted avg": {
        "precision": 0.7471341693088102,
        "recall": 0.7433258282405918,
        "f1-score": 0.7438004469520777,
        "support": 3109.0
    }
}