{
    "ADI": {
        "precision": 0.8397932816537468,
        "recall": 0.8376288659793815,
        "f1-score": 0.8387096774193549,
        "support": 388.0
    },
    "DEB": {
        "precision": 0.7351351351351352,
        "recall": 0.699228791773779,
        "f1-score": 0.7167325428194994,
        "support": 389.0
    },
    "LYM": {
        "precision": 0.8321513002364066,
        "recall": 0.9048843187660668,
        "f1-score": 0.8669950738916257,
        "support": 389.0
    },
    "MUC": {
        "precision": 0.7434052757793765,
        "recall": 0.7969151670951157,
        "f1-score": 0.7692307692307693,
        "support": 389.0
    },
    "MUS": {
        "precision": 0.8324022346368715,
        "recall": 0.7680412371134021,
        "f1-score": 0.7989276139410187,
        "support": 388.0
    },
    "NOR": {
        "precision": 0.7289156626506024,
        "recall": 0.622107969151671,
        "f1-score": 0.6712898751733704,
        "support": 389.0
    },
    "STR": {
        "precision": 0.68,
        "recall": 0.699228791773779,
        "f1-score": 0.6894803548795945,
        "support": 389.0
    },
    "TUM": {
        "precision": 0.6658767772511849,
        "recall": 0.7242268041237113,
        "f1-score": 0.6938271604938272,
        "support": 388.0
    },
    "accuracy": 0.7565133483435188,
    "macro avg": {
        "precision": 0.7572099584179155,
        "recall": 0.7565327432221132,
        "f1-score": 0.7556491334811325,
        "support": 3109.0
    },
    "weighted avg": {
        "precision": 0.7571885874245775,
        "recall": 0.7565133483435188,
        "f1-score": 0.7556283817759506,
        "support": 3109.0
    }
}