train_loss,val_loss,val_macro_f1
1.698812309569641,1.4362726502494352,0.46051388474606925
1.184294768546912,1.344482316702565,0.5356846873712643
