{
    "ADI": {
        "precision": 0.8944281524926686,
        "recall": 0.7860824742268041,
        "f1-score": 0.8367626886145405,
        "support": 388.0
    },
    "DEB": {
        "precision": 0.7128712871287128,
        "recall": 0.7403598971722365,
        "f1-score": 0.7263556116015133,
        "support": 389.0
    },
    "LYM": {
        "precision": 0.8227848101265823,
        "recall": 0.8354755784061697,
        "f1-score": 0.8290816326530612,
        "support": 389.0
    },
    "MUC": {
        "precision": 0.7334905660377359,
        "recall": 0.8015463917525774,
        "f1-score": 0.7660098522167488,
        "support": 388.0
    },
    "MUS": {
        "precision": 0.8337801608579088,
        "recall": 0.7994858611825193,
        "f1-score": 0.8162729658792651,
        "support": 389.0
    },
    "NOR": {
        "precision": 0.6810551558752997,
        "recall": 0.7300771208226221,
        "f1-score": 0.7047146401985112,
        "support": 389.0
    },
    "STR": {
        "precision": 0.6935933147632312,
        "recall": 0.6417525773195877,
        "f1-score": 0.6666666666666666,
        "support": 388.0
    },
    "TUM": {
        "precision": 0.7045454545454546,
        "recall": 0.7172236503856041,
        "f1-score": 0.710828025477707,
        "support": 389.0
    },
    "accuracy": 0.7565133483435188,
    "macro avg": {
        "precision": 0.7595686127284493,
        "recall": 0.7565004439085151,
        "f1-score": 0.7570865104135017,
        "support": 3109.0
    },
    "weighted avg": {
        "precision": 0.7595548442514122,
        "recall": 0.7565133483435188,
        "f1-score": 0.7570870959148663,
        "support": 3109.0
    }
}