{
    "ADI": {
        "precision": 0.4878682842287695,
        "recall": 0.964041095890411,
        "f1-score": 0.6478711162255466,
        "support": 584.0
    },
    "DEB": {
        "precision": 0.4,
        "recall": 0.0136986301369863,
        "f1-score": 0.026490066225165563,
        "support": 584.0
    },
    "LYM": {
        "precision": 0.4967741935483871,
        "recall": 0.922945205479452,
        "f1-score": 0.6458957459556621,
        "support": 584.0
    },
    "MUC": {
        "precision": 0.5263157894736842,
        "recall": 0.18835616438356165,
        "f1-score": 0.27742749054224464,
        "support": 584.0
    },
    "MUS": {
        "precision": 0.5372405372405372,
        "recall": 0.7534246575342466,
        "f1-score": 0.6272273699215966,
        "support": 584.0
    },
    "NOR": {
        "precision": 0.25,
        "recall": 0.0273972602739726,
        "f1-score": 0.04938271604938271,
        "support": 584.0
    },
    "STR": {
        "precision": 0.35294117647058826,
        "recall": 0.07191780821917808,
        "f1-score": 0.11948790896159317,
        "support": 584.0
    },
    "TUM": {
        "precision": 0.3935108153078203,
        "recall": 0.809931506849315,
        "f1-score": 0.5296752519596865,
        "support": 584.0
    },
    "accuracy": 0.4689640410958904,
    "macro avg": {
        "precision": 0.4305813495337233,
        "recall": 0.4689640410958904,
        "f1-score": 0.36543220823010975,
        "support": 4672.0
    },
    "weighted avg": {
        "precision": 0.43058134953372335,
        "recall": 0.4689640410958904,
        "f1-score": 0.3654322082301097,
        "support": 4672.0
    }
}