{
    "ADI": {
        "precision": 0.8670694864048338,
        "recall": 0.7377892030848329,
        "f1-score": 0.7972222222222223,
        "support": 389.0
    },
    "DEB": {
        "precision": 0.7223796033994334,
        "recall": 0.6572164948453608,
        "f1-score": 0.6882591093117408,
        "support": 388.0
    },
    "LYM": {
        "precision": 0.8535980148883374,
        "recall": 0.884318766066838,
        "f1-score": 0.8686868686868687,
        "support": 389.0
    },
    "MUC": {
        "precision": 0.7178329571106095,
        "recall": 0.8174807197943444,
        "f1-score": 0.7644230769230769,
        "support": 389.0
    },
    "MUS": {
        "precision": 0.7791878172588832,
        "recall": 0.7892030848329049,
        "f1-score": 0.7841634738186463,
        "support": 389.0
    },
    "NOR": {
        "precision": 0.6964285714285714,
        "recall": 0.7036082474226805,
        "f1-score": 0.7,
        "support": 388.0
    },
    "STR": {
        "precision": 0.6699266503667481,
        "recall": 0.7043701799485861,
        "f1-score": 0.6867167919799498,
        "support": 389.0
    },
    "TUM": {
        "precision": 0.6857142857142857,
        "recall": 0.6786632390745502,
        "f1-score": 0.6821705426356589,
        "support": 389.0
    },
    "accuracy": 0.7466237942122187,
    "macro avg": {
        "precision": 0.7490171733214628,
        "recall": 0.7465812418837623,
        "f1-score": 0.7464552606972705,
        "support": 3110.0
    },
    "weighted avg": {
        "precision": 0.7490426479747795,
        "recall": 0.7466237942122187,
        "f1-score": 0.7464889106690012,
        "support": 3110.0
    }
}