{
    "ADI": {
        "precision": 0.8120481927710843,
        "recall": 0.8663239074550129,
        "f1-score": 0.8383084577114428,
        "support": 389.0
    },
    "DEB": {
        "precision": 0.7112299465240641,
        "recall": 0.6838046272493573,
        "f1-score": 0.6972477064220184,
        "support": 389.0
    },
    "LYM": {
        "precision": 0.8045977011494253,
        "recall": 0.9020618556701031,
        "f1-score": 0.850546780072904,
        "support": 388.0
    },
    "MUC": {
        "precision": 0.7867435158501441,
        "recall": 0.7017994858611826,
        "f1-score": 0.7418478260869565,
        "support": 389.0
    },
    "MUS": {
        "precision": 0.7783783783783784,
        "recall": 0.7403598971722365,
        "f1-score": 0.758893280632411,
        "support": 389.0
    },
    "NOR": {
        "precision": 0.7039106145251397,
        "recall": 0.6494845360824743,
        "f1-score": 0.675603217158177,
        "support": 388.0
    },
    "STR": {
        "precision": 0.6649874055415617,
        "recall": 0.6786632390745502,
        "f1-score": 0.6717557251908397,
        "support": 389.0
    },
    "TUM": {
        "precision": 0.6618357487922706,
        "recall": 0.7043701799485861,
        "f1-score": 0.6824408468244084,
        "support": 389.0
    },
    "accuracy": 0.7408360128617363,
    "macro avg": {
        "precision": 0.7404664379415085,
        "recall": 0.7408584660641879,
        "f1-score": 0.7395804800123947,
        "support": 3110.0
    },
    "weighted avg": {
        "precision": 0.740457571240611,
        "recall": 0.7408360128617363,
        "f1-score": 0.7395653709972159,
        "support": 3110.0
    }
}