{
    "ADI": {
        "precision": 0.8522427440633246,
        "recall": 0.8303341902313625,
        "f1-score": 0.8411458333333334,
        "support": 389.0
    },
    "DEB": {
        "precision": 0.6790697674418604,
        "recall": 0.7525773195876289,
        "f1-score": 0.7139364303178484,
        "support": 388.0
    },
    "LYM": {
        "precision": 0.8019323671497585,
        "recall": 0.8534704370179949,
        "f1-score": 0.8268991282689913,
        "support": 389.0
    },
    "MUC": {
        "precision": 0.7108433734939759,
        "recall": 0.7583547557840618,
        "f1-score": 0.7338308457711443,
        "support": 389.0
    },
    "MUS": {
        "precision": 0.7922437673130194,
        "recall": 0.7371134020618557,
        "f1-score": 0.7636849132176236,
        "support": 388.0
    },
    "NOR": {
        "precision": 0.6613924050632911,
        "recall": 0.5372750642673522,
        "f1-score": 0.5929078014184397,
        "support": 389.0
    },
    "STR": {
        "precision": 0.6631016042780749,
        "recall": 0.6375321336760925,
        "f1-score": 0.6500655307994757,
        "support": 389.0
    },
    "TUM": {
        "precision": 0.6595238095238095,
        "recall": 0.7139175257731959,
        "f1-score": 0.6856435643564357,
        "support": 388.0
    },
    "accuracy": 0.7275651334834352,
    "macro avg": {
        "precision": 0.7275437297908893,
        "recall": 0.7275718535499429,
        "f1-score": 0.7260142559354115,
        "support": 3109.0
    },
    "weighted avg": {
        "precision": 0.7275603891170694,
        "recall": 0.7275651334834352,
        "f1-score": 0.7260190091872333,
        "support": 3109.0
    }
}