{
    "ADI": {
        "precision": 0.8245382585751979,
        "recall": 0.8033419023136247,
        "f1-score": 0.8138020833333334,
        "support": 778.0
    },
    "DEB": {
        "precision": 0.7194805194805195,
        "recall": 0.712998712998713,
        "f1-score": 0.7162249515190692,
        "support": 777.0
    },
    "LYM": {
        "precision": 0.8268015170670038,
        "recall": 0.8416988416988417,
        "f1-score": 0.8341836734693877,
        "support": 777.0
    },
    "MUC": {
        "precision": 0.6857476635514018,
        "recall": 0.7544987146529563,
        "f1-score": 0.7184822521419829,
        "support": 778.0
    },
    "MUS": {
        "precision": 0.8188854489164087,
        "recall": 0.6808236808236808,
        "f1-score": 0.7434996486296557,
        "support": 777.0
    },
    "NOR": {
        "precision": 0.6611039794608472,
        "recall": 0.6619537275064268,
        "f1-score": 0.6615285806037251,
        "support": 778.0
    },
    "STR": {
        "precision": 0.6195524146054181,
        "recall": 0.676962676962677,
        "f1-score": 0.6469864698646987,
        "support": 777.0
    },
    "TUM": {
        "precision": 0.6636363636363637,
        "recall": 0.6576576576576577,
        "f1-score": 0.6606334841628959,
        "support": 777.0
    },
    "accuracy": 0.7237497990030551,
    "macro avg": {
        "precision": 0.7274682706616451,
        "recall": 0.7237419893268222,
        "f1-score": 0.7244176429655935,
        "support": 6219.0
    },
    "weighted avg": {
        "precision": 0.727466499490975,
        "recall": 0.7237497990030551,
        "f1-score": 0.7244209489612814,
        "support": 6219.0
    }
}