{
    "ADI": {
        "precision": 0.8115942028985508,
        "recall": 0.865979381443299,
        "f1-score": 0.8379052369077307,
        "support": 388.0
    },
    "DEB": {
        "precision": 0.7244094488188977,
        "recall": 0.7095115681233933,
        "f1-score": 0.7168831168831169,
        "support": 389.0
    },
    "LYM": {
        "precision": 0.8054919908466819,
        "recall": 0.9048843187660668,
        "f1-score": 0.8523002421307506,
        "support": 389.0
    },
    "MUC": {
        "precision": 0.7635869565217391,
        "recall": 0.7242268041237113,
        "f1-score": 0.7433862433862434,
        "support": 388.0
    },
    "MUS": {
        "precision": 0.8071979434447301,
        "recall": 0.8071979434447301,
        "f1-score": 0.8071979434447301,
        "support": 389.0
    },
    "NOR": {
        "precision": 0.6766917293233082,
        "recall": 0.6940874035989717,
        "f1-score": 0.6852791878172588,
        "support": 389.0
    },
    "STR": {
        "precision": 0.7025495750708215,
        "recall": 0.6391752577319587,
        "f1-score": 0.6693657219973009,
        "support": 388.0
    },
    "TUM": {
        "precision": 0.7119565217391305,
        "recall": 0.6735218508997429,
        "f1-score": 0.6922060766182299,
        "support": 389.0
    },
    "accuracy": 0.7523319395303957,
    "macro avg": {
        "precision": 0.7504347960829825,
        "recall": 0.7523230660164842,
        "f1-score": 0.7505654711481702,
        "support": 3109.0
    },
    "weighted avg": {
        "precision": 0.7504262961324383,
        "recall": 0.7523319395303957,
        "f1-score": 0.750565805407145,
        "support": 3109.0
    }
}