{
    "ADI": {
        "precision": 0.794044665012407,
        "recall": 0.8247422680412371,
        "f1-score": 0.809102402022756,
        "support": 388.0
    },
    "DEB": {
        "precision": 0.7080103359173127,
        "recall": 0.7043701799485861,
        "f1-score": 0.7061855670103093,
        "support": 389.0
    },
    "LYM": {
        "precision": 0.8520408163265306,
        "recall": 0.8586118251928021,
        "f1-score": 0.8553137003841229,
        "support": 389.0
    },
    "MUC": {
        "precision": 0.7004716981132075,
        "recall": 0.7634961439588689,
        "f1-score": 0.7306273062730627,
        "support": 389.0
    },
    "MUS": {
        "precision": 0.7988980716253443,
        "recall": 0.7474226804123711,
        "f1-score": 0.7723035952063915,
        "support": 388.0
    },
    "NOR": {
        "precision": 0.756838905775076,
        "recall": 0.6401028277634961,
        "f1-score": 0.6935933147632312,
        "support": 389.0
    },
    "STR": {
        "precision": 0.6763925729442971,
        "recall": 0.6555269922879178,
        "f1-score": 0.6657963446475196,
        "support": 389.0
    },
    "TUM": {
        "precision": 0.6797235023041475,
        "recall": 0.7603092783505154,
        "f1-score": 0.7177615571776156,
        "support": 388.0
    },
    "accuracy": 0.7442907687359279,
    "macro avg": {
        "precision": 0.7458025710022903,
        "recall": 0.7443227744944743,
        "f1-score": 0.7438354734356261,
        "support": 3109.0
    },
    "weighted avg": {
        "precision": 0.7457912302091301,
        "recall": 0.7442907687359279,
        "f1-score": 0.7438137104462081,
        "support": 3109.0
    }
}