{
    "ADI": {
        "precision": 0.8294573643410853,
        "recall": 0.8251928020565553,
        "f1-score": 0.8273195876288659,
        "support": 389.0
    },
    "DEB": {
        "precision": 0.760806916426513,
        "recall": 0.6786632390745502,
        "f1-score": 0.717391304347826,
        "support": 389.0
    },
    "LYM": {
        "precision": 0.8032407407407407,
        "recall": 0.8943298969072165,
        "f1-score": 0.8463414634146341,
        "support": 388.0
    },
    "MUC": {
        "precision": 0.714987714987715,
        "recall": 0.7480719794344473,
        "f1-score": 0.7311557788944724,
        "support": 389.0
    },
    "MUS": {
        "precision": 0.7804878048780488,
        "recall": 0.7403598971722365,
        "f1-score": 0.7598944591029023,
        "support": 389.0
    },
    "NOR": {
        "precision": 0.6894736842105263,
        "recall": 0.6752577319587629,
        "f1-score": 0.6822916666666666,
        "support": 388.0
    },
    "STR": {
        "precision": 0.6701298701298701,
        "recall": 0.6632390745501285,
        "f1-score": 0.6666666666666666,
        "support": 389.0
    },
    "TUM": {
        "precision": 0.6451612903225806,
        "recall": 0.6683804627249358,
        "f1-score": 0.6565656565656566,
        "support": 389.0
    },
    "accuracy": 0.7366559485530546,
    "macro avg": {
        "precision": 0.736718173254635,
        "recall": 0.7366868854848541,
        "f1-score": 0.7359533229109613,
        "support": 3110.0
    },
    "weighted avg": {
        "precision": 0.736711974515586,
        "recall": 0.7366559485530546,
        "f1-score": 0.7359350828838682,
        "support": 3110.0
    }
}