{
    "ADI": {
        "precision": 0.859375,
        "recall": 0.3767123287671233,
        "f1-score": 0.5238095238095238,
        "support": 292.0
    },
    "DEB": {
        "precision": 0.5691056910569106,
        "recall": 0.4794520547945205,
        "f1-score": 0.5204460966542751,
        "support": 292.0
    },
    "LYM": {
        "precision": 0.6126760563380281,
        "recall": 0.8938356164383562,
        "f1-score": 0.7270194986072424,
        "support": 292.0
    },
    "MUC": {
        "precision": 0.43037974683544306,
        "recall": 0.6986301369863014,
        "f1-score": 0.5326370757180157,
        "support": 292.0
    },
    "MUS": {
        "precision": 0.5155555555555555,
        "recall": 0.7945205479452054,
        "f1-score": 0.6253369272237197,
        "support": 292.0
    },
    "NOR": {
        "precision": 0.553921568627451,
        "recall": 0.386986301369863,
        "f1-score": 0.45564516129032256,
        "support": 292.0
    },
    "STR": {
        "precision": 0.40408163265306124,
        "recall": 0.339041095890411,
        "f1-score": 0.3687150837988827,
        "support": 292.0
    },
    "TUM": {
        "precision": 0.7423312883435583,
        "recall": 0.4143835616438356,
        "f1-score": 0.5318681318681319,
        "support": 292.0
    },
    "accuracy": 0.547945205479452,
    "macro avg": {
        "precision": 0.585928317426251,
        "recall": 0.547945205479452,
        "f1-score": 0.5356846873712643,
        "support": 2336.0
    },
    "weighted avg": {
        "precision": 0.585928317426251,
        "recall": 0.547945205479452,
        "f1-score": 0.5356846873712643,
        "support": 2336.0
    }
}