{
    "ADI": {
        "precision": 0.8578947368421053,
        "recall": 0.8380462724935732,
        "f1-score": 0.8478543563068921,
        "support": 389.0
    },
    "DEB": {
        "precision": 0.6987654320987654,
        "recall": 0.7275064267352185,
        "f1-score": 0.7128463476070529,
        "support": 389.0
    },
    "LYM": {
        "precision": 0.8629032258064516,
        "recall": 0.8273195876288659,
        "f1-score": 0.8447368421052631,
        "support": 388.0
    },
    "MUC": {
        "precision": 0.7195121951219512,
        "recall": 0.7583547557840618,
        "f1-score": 0.7384230287859824,
        "support": 389.0
    },
    "MUS": {
        "precision": 0.8123249299719888,
        "recall": 0.7455012853470437,
        "f1-score": 0.7774798927613941,
        "support": 389.0
    },
    "NOR": {
        "precision": 0.7150997150997151,
        "recall": 0.6452442159383034,
        "f1-score": 0.6783783783783783,
        "support": 389.0
    },
    "STR": {
        "precision": 0.6188118811881188,
        "recall": 0.6443298969072165,
        "f1-score": 0.6313131313131313,
        "support": 388.0
    },
    "TUM": {
        "precision": 0.6357308584686775,
        "recall": 0.7043701799485861,
        "f1-score": 0.6682926829268293,
        "support": 389.0
    },
    "accuracy": 0.7363344051446945,
    "macro avg": {
        "precision": 0.7401303718247217,
        "recall": 0.7363340775978586,
        "f1-score": 0.7374155825231155,
        "support": 3110.0
    },
    "weighted avg": {
        "precision": 0.7401299041837748,
        "recall": 0.7363344051446945,
        "f1-score": 0.7374151906233173,
        "support": 3110.0
    }
}