{
    "ADI": {
        "precision": 0.9821520951888256,
        "recall": 0.9768458965783381,
        "f1-score": 0.9794918096220818,
        "support": 3887.0
    },
    "DEB": {
        "precision": 0.9685971685971686,
        "recall": 0.9680987908412657,
        "f1-score": 0.9683479155944416,
        "support": 3887.0
    },
    "LYM": {
        "precision": 0.9746835443037974,
        "recall": 0.9904810908155389,
        "f1-score": 0.9825188209774148,
        "support": 3887.0
    },
    "MUC": {
        "precision": 0.9569377990430622,
        "recall": 0.9776177000257268,
        "f1-score": 0.9671672181216594,
        "support": 3887.0
    },
    "MUS": {
        "precision": 0.9810476441168728,
        "recall": 0.958837149472601,
        "f1-score": 0.9698152485037731,
        "support": 3887.0
    },
    "NOR": {
        "precision": 0.9695106328465283,
        "recall": 0.9735014149729869,
        "f1-score": 0.9715019255455712,
        "support": 3887.0
    },
    "STR": {
        "precision": 0.965426925091671,
        "recall": 0.948289169024955,
        "f1-score": 0.9567813108371187,
        "support": 3887.0
    },
    "TUM": {
        "precision": 0.9626024590163934,
        "recall": 0.9668124517622846,
        "f1-score": 0.9647028622769863,
        "support": 3887.0
    },
    "accuracy": 0.9700604579367121,
    "macro avg": {
        "precision": 0.97011978352554,
        "recall": 0.9700604579367121,
        "f1-score": 0.9700408889348808,
        "support": 31096.0
    },
    "weighted avg": {
        "precision": 0.9701197835255398,
        "recall": 0.9700604579367121,
        "f1-score": 0.9700408889348809,
        "support": 31096.0
    }
}