{
    "ADI": {
        "precision": 0.851150202976996,
        "recall": 0.8095238095238095,
        "f1-score": 0.8298153034300791,
        "support": 777.0
    },
    "DEB": {
        "precision": 0.6980676328502415,
        "recall": 0.7438867438867439,
        "f1-score": 0.7202492211838006,
        "support": 777.0
    },
    "LYM": {
        "precision": 0.8510362694300518,
        "recall": 0.8444730077120822,
        "f1-score": 0.847741935483871,
        "support": 778.0
    },
    "MUC": {
        "precision": 0.7291414752116082,
        "recall": 0.7760617760617761,
        "f1-score": 0.7518703241895262,
        "support": 777.0
    },
    "MUS": {
        "precision": 0.809052333804809,
        "recall": 0.7352185089974294,
        "f1-score": 0.7703703703703704,
        "support": 778.0
    },
    "NOR": {
        "precision": 0.672979797979798,
        "recall": 0.685971685971686,
        "f1-score": 0.6794136392606756,
        "support": 777.0
    },
    "STR": {
        "precision": 0.6947513812154696,
        "recall": 0.6473616473616474,
        "f1-score": 0.670219853431046,
        "support": 777.0
    },
    "TUM": {
        "precision": 0.6590361445783133,
        "recall": 0.7030848329048843,
        "f1-score": 0.6803482587064676,
        "support": 778.0
    },
    "accuracy": 0.7432063032641903,
    "macro avg": {
        "precision": 0.7456519047559109,
        "recall": 0.7431977515525073,
        "f1-score": 0.7437536132569795,
        "support": 6219.0
    },
    "weighted avg": {
        "precision": 0.7456651173356739,
        "recall": 0.7432063032641903,
        "f1-score": 0.7437644188084813,
        "support": 6219.0
    }
}