{
    "ADI": {
        "precision": 0.8004807692307693,
        "recall": 0.8560411311053985,
        "f1-score": 0.8273291925465839,
        "support": 389.0
    },
    "DEB": {
        "precision": 0.7345844504021448,
        "recall": 0.7043701799485861,
        "f1-score": 0.7191601049868767,
        "support": 389.0
    },
    "LYM": {
        "precision": 0.8140703517587939,
        "recall": 0.8350515463917526,
        "f1-score": 0.8244274809160306,
        "support": 388.0
    },
    "MUC": {
        "precision": 0.7446808510638298,
        "recall": 0.7197943444730077,
        "f1-score": 0.7320261437908496,
        "support": 389.0
    },
    "MUS": {
        "precision": 0.8619631901840491,
        "recall": 0.7223650385604113,
        "f1-score": 0.786013986013986,
        "support": 389.0
    },
    "NOR": {
        "precision": 0.7359550561797753,
        "recall": 0.6735218508997429,
        "f1-score": 0.7033557046979866,
        "support": 389.0
    },
    "STR": {
        "precision": 0.6423357664233577,
        "recall": 0.6804123711340206,
        "f1-score": 0.6608260325406758,
        "support": 388.0
    },
    "TUM": {
        "precision": 0.6211453744493393,
        "recall": 0.7249357326478149,
        "f1-score": 0.6690391459074733,
        "support": 389.0
    },
    "accuracy": 0.7395498392282959,
    "macro avg": {
        "precision": 0.7444019762115074,
        "recall": 0.7395615243950919,
        "f1-score": 0.7402722239250578,
        "support": 3110.0
    },
    "weighted avg": {
        "precision": 0.7444123935215526,
        "recall": 0.7395498392282959,
        "f1-score": 0.7402707097560526,
        "support": 3110.0
    }
}