{
    "ADI": {
        "precision": 0.8225419664268585,
        "recall": 0.8817480719794345,
        "f1-score": 0.8511166253101737,
        "support": 389.0
    },
    "DEB": {
        "precision": 0.7443820224719101,
        "recall": 0.6812339331619537,
        "f1-score": 0.7114093959731543,
        "support": 389.0
    },
    "LYM": {
        "precision": 0.8235294117647058,
        "recall": 0.8637532133676092,
        "f1-score": 0.8431618569636136,
        "support": 389.0
    },
    "MUC": {
        "precision": 0.7296650717703349,
        "recall": 0.7860824742268041,
        "f1-score": 0.7568238213399504,
        "support": 388.0
    },
    "MUS": {
        "precision": 0.7783783783783784,
        "recall": 0.7403598971722365,
        "f1-score": 0.758893280632411,
        "support": 389.0
    },
    "NOR": {
        "precision": 0.6870588235294117,
        "recall": 0.7506426735218509,
        "f1-score": 0.7174447174447175,
        "support": 389.0
    },
    "STR": {
        "precision": 0.7037037037037037,
        "recall": 0.5876288659793815,
        "f1-score": 0.6404494382022472,
        "support": 388.0
    },
    "TUM": {
        "precision": 0.6938775510204082,
        "recall": 0.699228791773779,
        "f1-score": 0.6965428937259923,
        "support": 389.0
    },
    "accuracy": 0.7488745980707395,
    "macro avg": {
        "precision": 0.7478921161332139,
        "recall": 0.7488347401478812,
        "f1-score": 0.7469802536990324,
        "support": 3110.0
    },
    "weighted avg": {
        "precision": 0.7479121854119253,
        "recall": 0.7488745980707395,
        "f1-score": 0.747011342846253,
        "support": 3110.0
    }
}