{
    "ADI": {
        "precision": 0.7803203661327232,
        "recall": 0.8766066838046273,
        "f1-score": 0.8256658595641646,
        "support": 389.0
    },
    "DEB": {
        "precision": 0.7323943661971831,
        "recall": 0.6683804627249358,
        "f1-score": 0.6989247311827957,
        "support": 389.0
    },
    "LYM": {
        "precision": 0.8312655086848635,
        "recall": 0.8634020618556701,
        "f1-score": 0.8470290771175727,
        "support": 388.0
    },
    "MUC": {
        "precision": 0.7253333333333334,
        "recall": 0.699228791773779,
        "f1-score": 0.7120418848167539,
        "support": 389.0
    },
    "MUS": {
        "precision": 0.8143236074270557,
        "recall": 0.7892030848329049,
        "f1-score": 0.8015665796344648,
        "support": 389.0
    },
    "NOR": {
        "precision": 0.7067039106145251,
        "recall": 0.6503856041131105,
        "f1-score": 0.677376171352075,
        "support": 389.0
    },
    "STR": {
        "precision": 0.6343825665859564,
        "recall": 0.6752577319587629,
        "f1-score": 0.6541822721598003,
        "support": 388.0
    },
    "TUM": {
        "precision": 0.6760204081632653,
        "recall": 0.6812339331619537,
        "f1-score": 0.678617157490397,
        "support": 389.0
    },
    "accuracy": 0.7379421221864951,
    "macro avg": {
        "precision": 0.7375930083923632,
        "recall": 0.737962294278218,
        "f1-score": 0.7369254666647529,
        "support": 3110.0
    },
    "weighted avg": {
        "precision": 0.7375960752545863,
        "recall": 0.7379421221864951,
        "f1-score": 0.736916669103355,
        "support": 3110.0
    }
}