{
    "ADI": {
        "precision": 0.577962577962578,
        "recall": 0.952054794520548,
        "f1-score": 0.7192755498059509,
        "support": 292.0
    },
    "DEB": {
        "precision": 0.29102167182662536,
        "recall": 0.3219178082191781,
        "f1-score": 0.3056910569105691,
        "support": 292.0
    },
    "LYM": {
        "precision": 0.4748700173310225,
        "recall": 0.9383561643835616,
        "f1-score": 0.6306098964326813,
        "support": 292.0
    },
    "MUC": {
        "precision": 0.49583333333333335,
        "recall": 0.4075342465753425,
        "f1-score": 0.4473684210526316,
        "support": 292.0
    },
    "MUS": {
        "precision": 0.5946969696969697,
        "recall": 0.5376712328767124,
        "f1-score": 0.564748201438849,
        "support": 292.0
    },
    "NOR": {
        "precision": 0.2909090909090909,
        "recall": 0.0547945205479452,
        "f1-score": 0.09221902017291066,
        "support": 292.0
    },
    "STR": {
        "precision": 0.3815789473684211,
        "recall": 0.09931506849315068,
        "f1-score": 0.15760869565217392,
        "support": 292.0
    },
    "TUM": {
        "precision": 0.584375,
        "recall": 0.6404109589041096,
        "f1-score": 0.6111111111111112,
        "support": 292.0
    },
    "accuracy": 0.4940068493150685,
    "macro avg": {
        "precision": 0.4614059510535051,
        "recall": 0.4940068493150685,
        "f1-score": 0.4410789940721097,
        "support": 2336.0
    },
    "weighted avg": {
        "precision": 0.46140595105350507,
        "recall": 0.4940068493150685,
        "f1-score": 0.4410789940721096,
        "support": 2336.0
    }
}