{
    "ADI": {
        "precision": 0.8753541076487252,
        "recall": 0.794344473007712,
        "f1-score": 0.8328840970350404,
        "support": 389.0
    },
    "DEB": {
        "precision": 0.7094240837696335,
        "recall": 0.6984536082474226,
        "f1-score": 0.7038961038961039,
        "support": 388.0
    },
    "LYM": {
        "precision": 0.8225419664268585,
        "recall": 0.8817480719794345,
        "f1-score": 0.8511166253101737,
        "support": 389.0
    },
    "MUC": {
        "precision": 0.7348837209302326,
        "recall": 0.8123393316195373,
        "f1-score": 0.7716727716727717,
        "support": 389.0
    },
    "MUS": {
        "precision": 0.7806788511749347,
        "recall": 0.7686375321336761,
        "f1-score": 0.7746113989637305,
        "support": 389.0
    },
    "NOR": {
        "precision": 0.6766917293233082,
        "recall": 0.6958762886597938,
        "f1-score": 0.6861499364675985,
        "support": 388.0
    },
    "STR": {
        "precision": 0.6862244897959183,
        "recall": 0.6915167095115681,
        "f1-score": 0.6888604353393086,
        "support": 389.0
    },
    "TUM": {
        "precision": 0.7175141242937854,
        "recall": 0.6529562982005142,
        "f1-score": 0.6837146702557201,
        "support": 389.0
    },
    "accuracy": 0.7495176848874598,
    "macro avg": {
        "precision": 0.7504141341704246,
        "recall": 0.7494840391699573,
        "f1-score": 0.749113254867556,
        "support": 3110.0
    },
    "weighted avg": {
        "precision": 0.7504510192042664,
        "recall": 0.7495176848874598,
        "f1-score": 0.7491480395843956,
        "support": 3110.0
    }
}