{
    "ADI": {
        "precision": 0.8300970873786407,
        "recall": 0.8791773778920309,
        "f1-score": 0.8539325842696629,
        "support": 389.0
    },
    "DEB": {
        "precision": 0.7349726775956285,
        "recall": 0.6915167095115681,
        "f1-score": 0.7125827814569536,
        "support": 389.0
    },
    "LYM": {
        "precision": 0.7873303167420814,
        "recall": 0.8946015424164524,
        "f1-score": 0.8375451263537906,
        "support": 389.0
    },
    "MUC": {
        "precision": 0.7626666666666667,
        "recall": 0.7371134020618557,
        "f1-score": 0.7496723460026212,
        "support": 388.0
    },
    "MUS": {
        "precision": 0.7846153846153846,
        "recall": 0.7866323907455013,
        "f1-score": 0.785622593068036,
        "support": 389.0
    },
    "NOR": {
        "precision": 0.7146529562982005,
        "recall": 0.7146529562982005,
        "f1-score": 0.7146529562982005,
        "support": 389.0
    },
    "STR": {
        "precision": 0.6532258064516129,
        "recall": 0.6262886597938144,
        "f1-score": 0.6394736842105263,
        "support": 388.0
    },
    "TUM": {
        "precision": 0.7115384615384616,
        "recall": 0.6658097686375322,
        "f1-score": 0.6879150066401063,
        "support": 389.0
    },
    "accuracy": 0.7495176848874598,
    "macro avg": {
        "precision": 0.7473874196608347,
        "recall": 0.7494741009196194,
        "f1-score": 0.7476746347874872,
        "support": 3110.0
    },
    "weighted avg": {
        "precision": 0.7474127837657232,
        "recall": 0.7495176848874598,
        "f1-score": 0.7477087837390506,
        "support": 3110.0
    }
}