{
    "ADI": {
        "precision": 0.8489010989010989,
        "recall": 0.794344473007712,
        "f1-score": 0.8207171314741036,
        "support": 389.0
    },
    "DEB": {
        "precision": 0.7146596858638743,
        "recall": 0.7036082474226805,
        "f1-score": 0.7090909090909091,
        "support": 388.0
    },
    "LYM": {
        "precision": 0.8734491315136477,
        "recall": 0.9048843187660668,
        "f1-score": 0.8888888888888888,
        "support": 389.0
    },
    "MUC": {
        "precision": 0.7241379310344828,
        "recall": 0.7557840616966581,
        "f1-score": 0.7396226415094339,
        "support": 389.0
    },
    "MUS": {
        "precision": 0.782608695652174,
        "recall": 0.7866323907455013,
        "f1-score": 0.7846153846153846,
        "support": 389.0
    },
    "NOR": {
        "precision": 0.6866840731070496,
        "recall": 0.6778350515463918,
        "f1-score": 0.682230869001297,
        "support": 388.0
    },
    "STR": {
        "precision": 0.6887254901960784,
        "recall": 0.7223650385604113,
        "f1-score": 0.7051442910915935,
        "support": 389.0
    },
    "TUM": {
        "precision": 0.7024128686327078,
        "recall": 0.6735218508997429,
        "f1-score": 0.6876640419947506,
        "support": 389.0
    },
    "accuracy": 0.752411575562701,
    "macro avg": {
        "precision": 0.7526973718626392,
        "recall": 0.7523719290806455,
        "f1-score": 0.7522467697082951,
        "support": 3110.0
    },
    "weighted avg": {
        "precision": 0.7527308287709205,
        "recall": 0.752411575562701,
        "f1-score": 0.7522831593421615,
        "support": 3110.0
    }
}