,precision,recall,f1-score,support
ADI,0.9762764311500773,0.9740159506045794,0.9751448808757244,3887.0
DEB,0.967741935483871,0.9647543092359145,0.9662458129348106,3887.0
LYM,0.9762386248736097,0.9935683046050939,0.9848272344766034,3887.0
MUC,0.9534301452178268,0.9796758425520967,0.9663748255297551,3887.0
MUS,0.9826953329837441,0.9642397736043221,0.9733800805090248,3887.0
NOR,0.9617834394904459,0.9711860046308207,0.9664618535586278,3887.0
STR,0.9742173112338858,0.9526627218934911,0.9633194588969823,3887.0
TUM,0.9698935894108487,0.9614098276305634,0.9656330749354005,3887.0
accuracy,0.9701890918446102,0.9701890918446102,0.9701890918446102,0.9701890918446102
macro avg,0.9702846012305386,0.9701890918446102,0.970173402714616,31096.0
weighted avg,0.9702846012305386,0.9701890918446102,0.970173402714616,31096.0
