{
    "ADI": {
        "precision": 0.9762764311500773,
        "recall": 0.9740159506045794,
        "f1-score": 0.9751448808757244,
        "support": 3887.0
    },
    "DEB": {
        "precision": 0.967741935483871,
        "recall": 0.9647543092359145,
        "f1-score": 0.9662458129348106,
        "support": 3887.0
    },
    "LYM": {
        "precision": 0.9762386248736097,
        "recall": 0.9935683046050939,
        "f1-score": 0.9848272344766034,
        "support": 3887.0
    },
    "MUC": {
        "precision": 0.9534301452178268,
        "recall": 0.9796758425520967,
        "f1-score": 0.9663748255297551,
        "support": 3887.0
    },
    "MUS": {
        "precision": 0.9826953329837441,
        "recall": 0.9642397736043221,
        "f1-score": 0.9733800805090248,
        "support": 3887.0
    },
    "NOR": {
        "precision": 0.9617834394904459,
        "recall": 0.9711860046308207,
        "f1-score": 0.9664618535586278,
        "support": 3887.0
    },
    "STR": {
        "precision": 0.9742173112338858,
        "recall": 0.9526627218934911,
        "f1-score": 0.9633194588969823,
        "support": 3887.0
    },
    "TUM": {
        "precision": 0.9698935894108487,
        "recall": 0.9614098276305634,
        "f1-score": 0.9656330749354005,
        "support": 3887.0
    },
    "accuracy": 0.9701890918446102,
    "macro avg": {
        "precision": 0.9702846012305386,
        "recall": 0.9701890918446102,
        "f1-score": 0.970173402714616,
        "support": 31096.0
    },
    "weighted avg": {
        "precision": 0.9702846012305386,
        "recall": 0.9701890918446102,
        "f1-score": 0.970173402714616,
        "support": 31096.0
    }
}