{
    "ADI": {
        "precision": 0.8333333333333334,
        "recall": 0.8043758043758044,
        "f1-score": 0.8185985592665357,
        "support": 777.0
    },
    "DEB": {
        "precision": 0.7117572692793932,
        "recall": 0.7236503856041131,
        "f1-score": 0.7176545570427023,
        "support": 778.0
    },
    "LYM": {
        "precision": 0.8161057692307693,
        "recall": 0.8738738738738738,
        "f1-score": 0.8440024860161591,
        "support": 777.0
    },
    "MUC": {
        "precision": 0.7013142174432497,
        "recall": 0.7554697554697555,
        "f1-score": 0.7273853779429987,
        "support": 777.0
    },
    "MUS": {
        "precision": 0.8055944055944056,
        "recall": 0.7403598971722365,
        "f1-score": 0.7716008037508373,
        "support": 778.0
    },
    "NOR": {
        "precision": 0.7298578199052133,
        "recall": 0.5945945945945946,
        "f1-score": 0.6553191489361702,
        "support": 777.0
    },
    "STR": {
        "precision": 0.6219512195121951,
        "recall": 0.6555269922879178,
        "f1-score": 0.6382978723404256,
        "support": 778.0
    },
    "TUM": {
        "precision": 0.6611177170035671,
        "recall": 0.7155727155727156,
        "f1-score": 0.6872682323856613,
        "support": 777.0
    },
    "accuracy": 0.7329152596880527,
    "macro avg": {
        "precision": 0.7351289689127658,
        "recall": 0.7329280023688765,
        "f1-score": 0.7325158797101863,
        "support": 6219.0
    },
    "weighted avg": {
        "precision": 0.7351183427650969,
        "recall": 0.7329152596880527,
        "f1-score": 0.7325046247807769,
        "support": 6219.0
    }
}