{
    "ADI": {
        "precision": 0.8159203980099502,
        "recall": 0.845360824742268,
        "f1-score": 0.830379746835443,
        "support": 388.0
    },
    "DEB": {
        "precision": 0.679814385150812,
        "recall": 0.7532133676092545,
        "f1-score": 0.7146341463414634,
        "support": 389.0
    },
    "LYM": {
        "precision": 0.8228155339805825,
        "recall": 0.87146529562982,
        "f1-score": 0.846441947565543,
        "support": 389.0
    },
    "MUC": {
        "precision": 0.7409326424870466,
        "recall": 0.7352185089974294,
        "f1-score": 0.7380645161290322,
        "support": 389.0
    },
    "MUS": {
        "precision": 0.7566909975669099,
        "recall": 0.8015463917525774,
        "f1-score": 0.7784730913642053,
        "support": 388.0
    },
    "NOR": {
        "precision": 0.6938775510204082,
        "recall": 0.6118251928020566,
        "f1-score": 0.6502732240437158,
        "support": 389.0
    },
    "STR": {
        "precision": 0.662269129287599,
        "recall": 0.6452442159383034,
        "f1-score": 0.6536458333333334,
        "support": 389.0
    },
    "TUM": {
        "precision": 0.7275362318840579,
        "recall": 0.6469072164948454,
        "f1-score": 0.684856753069577,
        "support": 388.0
    },
    "accuracy": 0.73882277259569,
    "macro avg": {
        "precision": 0.7374821086734208,
        "recall": 0.7388476267458194,
        "f1-score": 0.7370961573352892,
        "support": 3109.0
    },
    "weighted avg": {
        "precision": 0.7374538998276695,
        "recall": 0.73882277259569,
        "f1-score": 0.7370696468434065,
        "support": 3109.0
    }
}