train_loss,val_loss,val_macro_f1
1.9450811450816181,1.7979889042972115,0.3492768066446287
1.678493999225432,1.8560577369598208,0.3090182224531416
