{
    "ADI": {
        "precision": 0.8342105263157895,
        "recall": 0.8149100257069408,
        "f1-score": 0.8244473342002601,
        "support": 389.0
    },
    "DEB": {
        "precision": 0.6978021978021978,
        "recall": 0.6529562982005142,
        "f1-score": 0.6746347941567065,
        "support": 389.0
    },
    "LYM": {
        "precision": 0.8156028368794326,
        "recall": 0.8891752577319587,
        "f1-score": 0.8508014796547472,
        "support": 388.0
    },
    "MUC": {
        "precision": 0.7220902612826603,
        "recall": 0.781491002570694,
        "f1-score": 0.7506172839506173,
        "support": 389.0
    },
    "MUS": {
        "precision": 0.853125,
        "recall": 0.7017994858611826,
        "f1-score": 0.770098730606488,
        "support": 389.0
    },
    "NOR": {
        "precision": 0.6493506493506493,
        "recall": 0.6443298969072165,
        "f1-score": 0.6468305304010349,
        "support": 388.0
    },
    "STR": {
        "precision": 0.6826196473551638,
        "recall": 0.6966580976863753,
        "f1-score": 0.6895674300254453,
        "support": 389.0
    },
    "TUM": {
        "precision": 0.6642857142857143,
        "recall": 0.7172236503856041,
        "f1-score": 0.6897404202719407,
        "support": 389.0
    },
    "accuracy": 0.7372990353697749,
    "macro avg": {
        "precision": 0.739885854158951,
        "recall": 0.7373179643813108,
        "f1-score": 0.737092250408405,
        "support": 3110.0
    },
    "weighted avg": {
        "precision": 0.7398906188605869,
        "recall": 0.7372990353697749,
        "f1-score": 0.7370847110163666,
        "support": 3110.0
    }
}