{
    "ADI": {
        "precision": 0.8366583541147132,
        "recall": 0.8635778635778636,
        "f1-score": 0.8499050031665611,
        "support": 777.0
    },
    "DEB": {
        "precision": 0.6613418530351438,
        "recall": 0.7992277992277992,
        "f1-score": 0.7237762237762237,
        "support": 777.0
    },
    "LYM": {
        "precision": 0.8518518518518519,
        "recall": 0.8277634961439588,
        "f1-score": 0.8396349413298566,
        "support": 778.0
    },
    "MUC": {
        "precision": 0.7730398899587345,
        "recall": 0.7232947232947233,
        "f1-score": 0.7473404255319149,
        "support": 777.0
    },
    "MUS": {
        "precision": 0.8292682926829268,
        "recall": 0.7429305912596401,
        "f1-score": 0.783728813559322,
        "support": 778.0
    },
    "NOR": {
        "precision": 0.6924101198402131,
        "recall": 0.6692406692406693,
        "f1-score": 0.680628272251309,
        "support": 777.0
    },
    "STR": {
        "precision": 0.6815286624203821,
        "recall": 0.6885456885456885,
        "f1-score": 0.6850192061459667,
        "support": 777.0
    },
    "TUM": {
        "precision": 0.6929133858267716,
        "recall": 0.6786632390745502,
        "f1-score": 0.6857142857142857,
        "support": 778.0
    },
    "accuracy": 0.749155812831645,
    "macro avg": {
        "precision": 0.7523765512163422,
        "recall": 0.7491555087956117,
        "f1-score": 0.74946839643443,
        "support": 6219.0
    },
    "weighted avg": {
        "precision": 0.7523953490739902,
        "recall": 0.749155812831645,
        "f1-score": 0.7494781524806272,
        "support": 6219.0
    }
}