{
    "ADI": {
        "precision": 0.8635097493036211,
        "recall": 0.7969151670951157,
        "f1-score": 0.8288770053475936,
        "support": 389.0
    },
    "DEB": {
        "precision": 0.6806930693069307,
        "recall": 0.7069408740359897,
        "f1-score": 0.6935687263556116,
        "support": 389.0
    },
    "LYM": {
        "precision": 0.84,
        "recall": 0.8637532133676092,
        "f1-score": 0.8517110266159695,
        "support": 389.0
    },
    "MUC": {
        "precision": 0.708433734939759,
        "recall": 0.7577319587628866,
        "f1-score": 0.7322540473225405,
        "support": 388.0
    },
    "MUS": {
        "precision": 0.774798927613941,
        "recall": 0.7429305912596401,
        "f1-score": 0.7585301837270341,
        "support": 389.0
    },
    "NOR": {
        "precision": 0.7027707808564232,
        "recall": 0.7172236503856041,
        "f1-score": 0.7099236641221374,
        "support": 389.0
    },
    "STR": {
        "precision": 0.6421319796954315,
        "recall": 0.6520618556701031,
        "f1-score": 0.6470588235294118,
        "support": 388.0
    },
    "TUM": {
        "precision": 0.720108695652174,
        "recall": 0.6812339331619537,
        "f1-score": 0.7001321003963011,
        "support": 389.0
    },
    "accuracy": 0.739871382636656,
    "macro avg": {
        "precision": 0.741555867171035,
        "recall": 0.7398489054673627,
        "f1-score": 0.740256947177075,
        "support": 3110.0
    },
    "weighted avg": {
        "precision": 0.7415984864699762,
        "recall": 0.739871382636656,
        "f1-score": 0.7402894876991013,
        "support": 3110.0
    }
}