{
    "ADI": {
        "precision": 0.5511363636363636,
        "recall": 0.6643835616438356,
        "f1-score": 0.6024844720496895,
        "support": 292.0
    },
    "DEB": {
        "precision": 0.8888888888888888,
        "recall": 0.0547945205479452,
        "f1-score": 0.1032258064516129,
        "support": 292.0
    },
    "LYM": {
        "precision": 0.5443548387096774,
        "recall": 0.9246575342465754,
        "f1-score": 0.6852791878172588,
        "support": 292.0
    },
    "MUC": {
        "precision": 0.4093567251461988,
        "recall": 0.4794520547945205,
        "f1-score": 0.4416403785488959,
        "support": 292.0
    },
    "MUS": {
        "precision": 0.43675417661097854,
        "recall": 0.6267123287671232,
        "f1-score": 0.5147679324894515,
        "support": 292.0
    },
    "NOR": {
        "precision": 0.4380952380952381,
        "recall": 0.15753424657534246,
        "f1-score": 0.23173803526448364,
        "support": 292.0
    },
    "STR": {
        "precision": 0.46629213483146065,
        "recall": 0.2842465753424658,
        "f1-score": 0.35319148936170214,
        "support": 292.0
    },
    "TUM": {
        "precision": 0.4647887323943662,
        "recall": 0.678082191780822,
        "f1-score": 0.5515320334261838,
        "support": 292.0
    },
    "accuracy": 0.4837328767123288,
    "macro avg": {
        "precision": 0.5249583872891466,
        "recall": 0.4837328767123288,
        "f1-score": 0.4354824169261598,
        "support": 2336.0
    },
    "weighted avg": {
        "precision": 0.5249583872891466,
        "recall": 0.4837328767123288,
        "f1-score": 0.43548241692615974,
        "support": 2336.0
    }
}