{
    "ADI": {
        "precision": 0.8207792207792208,
        "recall": 0.8123393316195373,
        "f1-score": 0.8165374677002584,
        "support": 778.0
    },
    "DEB": {
        "precision": 0.6868811881188119,
        "recall": 0.7142857142857143,
        "f1-score": 0.7003154574132492,
        "support": 777.0
    },
    "LYM": {
        "precision": 0.8257211538461539,
        "recall": 0.8841698841698842,
        "f1-score": 0.8539465506525793,
        "support": 777.0
    },
    "MUC": {
        "precision": 0.7173100871731009,
        "recall": 0.7403598971722365,
        "f1-score": 0.7286527514231499,
        "support": 778.0
    },
    "MUS": {
        "precision": 0.786472148541114,
        "recall": 0.7631917631917632,
        "f1-score": 0.774657086871326,
        "support": 777.0
    },
    "NOR": {
        "precision": 0.6795212765957447,
        "recall": 0.6568123393316195,
        "f1-score": 0.6679738562091503,
        "support": 778.0
    },
    "STR": {
        "precision": 0.6708229426433915,
        "recall": 0.6924066924066924,
        "f1-score": 0.681443951868271,
        "support": 777.0
    },
    "TUM": {
        "precision": 0.7048710601719198,
        "recall": 0.6332046332046332,
        "f1-score": 0.6671186440677966,
        "support": 777.0
    },
    "accuracy": 0.7370959961408586,
    "macro avg": {
        "precision": 0.7365473847336822,
        "recall": 0.73709628192276,
        "f1-score": 0.7363307207757226,
        "support": 6219.0
    },
    "weighted avg": {
        "precision": 0.7365486660378062,
        "recall": 0.7370959961408586,
        "f1-score": 0.7363313916091372,
        "support": 6219.0
    }
}