train_loss,val_loss,val_macro_f1
1.8816093353758732,1.953059478634203,0.22065846654522478
1.5472942925479314,1.391329492778798,0.4410789940721097
