{
    "ADI": {
        "precision": 0.8846737481031867,
        "recall": 0.7503217503217503,
        "f1-score": 0.8119777158774373,
        "support": 777.0
    },
    "DEB": {
        "precision": 0.7682539682539683,
        "recall": 0.622107969151671,
        "f1-score": 0.6875,
        "support": 778.0
    },
    "LYM": {
        "precision": 0.81786133960047,
        "recall": 0.8957528957528957,
        "f1-score": 0.855036855036855,
        "support": 777.0
    },
    "MUC": {
        "precision": 0.6865509761388287,
        "recall": 0.8136246786632391,
        "f1-score": 0.7447058823529412,
        "support": 778.0
    },
    "MUS": {
        "precision": 0.7924281984334204,
        "recall": 0.7812097812097812,
        "f1-score": 0.7867790019442644,
        "support": 777.0
    },
    "NOR": {
        "precision": 0.6585051546391752,
        "recall": 0.6576576576576577,
        "f1-score": 0.6580811332904056,
        "support": 777.0
    },
    "STR": {
        "precision": 0.6785260482846251,
        "recall": 0.6863753213367609,
        "f1-score": 0.6824281150159744,
        "support": 778.0
    },
    "TUM": {
        "precision": 0.6690821256038647,
        "recall": 0.712998712998713,
        "f1-score": 0.6903426791277258,
        "support": 777.0
    },
    "accuracy": 0.7399903521466473,
    "macro avg": {
        "precision": 0.7444851948821924,
        "recall": 0.7400060958865586,
        "f1-score": 0.7396064228307004,
        "support": 6219.0
    },
    "weighted avg": {
        "precision": 0.7444690950925205,
        "recall": 0.7399903521466473,
        "f1-score": 0.7395896700937454,
        "support": 6219.0
    }
}