{
    "ADI": {
        "precision": 0.8255528255528255,
        "recall": 0.8637532133676092,
        "f1-score": 0.8442211055276382,
        "support": 778.0
    },
    "DEB": {
        "precision": 0.6611374407582938,
        "recall": 0.7181467181467182,
        "f1-score": 0.688463911165947,
        "support": 777.0
    },
    "LYM": {
        "precision": 0.8103864734299517,
        "recall": 0.8624678663239075,
        "f1-score": 0.8356164383561644,
        "support": 778.0
    },
    "MUC": {
        "precision": 0.7413333333333333,
        "recall": 0.7155727155727156,
        "f1-score": 0.7282252783235101,
        "support": 777.0
    },
    "MUS": {
        "precision": 0.7948016415868673,
        "recall": 0.7477477477477478,
        "f1-score": 0.7705570291777188,
        "support": 777.0
    },
    "NOR": {
        "precision": 0.6980132450331126,
        "recall": 0.6773778920308483,
        "f1-score": 0.6875407697325505,
        "support": 778.0
    },
    "STR": {
        "precision": 0.6524547803617571,
        "recall": 0.6499356499356499,
        "f1-score": 0.6511927788523533,
        "support": 777.0
    },
    "TUM": {
        "precision": 0.7071823204419889,
        "recall": 0.6580976863753213,
        "f1-score": 0.681757656458056,
        "support": 778.0
    },
    "accuracy": 0.7366559485530546,
    "macro avg": {
        "precision": 0.7363577575622662,
        "recall": 0.7366374361875647,
        "f1-score": 0.7359468709492423,
        "support": 6220.0
    },
    "weighted avg": {
        "precision": 0.7363731440307885,
        "recall": 0.7366559485530546,
        "f1-score": 0.7359638080049139,
        "support": 6220.0
    }
}