{
    "ADI": {
        "precision": 0.8492597577388964,
        "recall": 0.8120978120978121,
        "f1-score": 0.8302631578947368,
        "support": 777.0
    },
    "DEB": {
        "precision": 0.716931216931217,
        "recall": 0.6966580976863753,
        "f1-score": 0.7066492829204694,
        "support": 778.0
    },
    "LYM": {
        "precision": 0.8412903225806452,
        "recall": 0.8391248391248392,
        "f1-score": 0.8402061855670103,
        "support": 777.0
    },
    "MUC": {
        "precision": 0.7160493827160493,
        "recall": 0.7464607464607464,
        "f1-score": 0.7309388783868935,
        "support": 777.0
    },
    "MUS": {
        "precision": 0.8072122052704577,
        "recall": 0.7480719794344473,
        "f1-score": 0.7765176784523016,
        "support": 778.0
    },
    "NOR": {
        "precision": 0.6512890094979648,
        "recall": 0.6177606177606177,
        "f1-score": 0.6340819022457067,
        "support": 777.0
    },
    "STR": {
        "precision": 0.6742323097463284,
        "recall": 0.6491002570694088,
        "f1-score": 0.6614276358873609,
        "support": 778.0
    },
    "TUM": {
        "precision": 0.6293103448275862,
        "recall": 0.7516087516087516,
        "f1-score": 0.6850439882697947,
        "support": 777.0
    },
    "accuracy": 0.7325936645762985,
    "macro avg": {
        "precision": 0.7356968186636431,
        "recall": 0.7326103876553748,
        "f1-score": 0.7331410887030343,
        "support": 6219.0
    },
    "weighted avg": {
        "precision": 0.7356954173573168,
        "recall": 0.7325936645762985,
        "f1-score": 0.7331322723870912,
        "support": 6219.0
    }
}