{
    "ADI": {
        "precision": 0.9752761704366123,
        "recall": 0.9539490609724723,
        "f1-score": 0.9644947327350761,
        "support": 3887.0
    },
    "DEB": {
        "precision": 0.9559447983014862,
        "recall": 0.9266786724980705,
        "f1-score": 0.9410842586544742,
        "support": 3887.0
    },
    "LYM": {
        "precision": 0.9567932067932068,
        "recall": 0.9855930023154104,
        "f1-score": 0.9709795970092511,
        "support": 3887.0
    },
    "MUC": {
        "precision": 0.9231909113361324,
        "recall": 0.9616670954463596,
        "f1-score": 0.9420362903225806,
        "support": 3887.0
    },
    "MUS": {
        "precision": 0.9681733083712223,
        "recall": 0.9313094931824029,
        "f1-score": 0.9493836873852609,
        "support": 3887.0
    },
    "NOR": {
        "precision": 0.9255663430420712,
        "recall": 0.9565217391304348,
        "f1-score": 0.9407894736842105,
        "support": 3887.0
    },
    "STR": {
        "precision": 0.9402866242038217,
        "recall": 0.9114998713660921,
        "f1-score": 0.9256694970607446,
        "support": 3887.0
    },
    "TUM": {
        "precision": 0.9313750316535832,
        "recall": 0.946231026498585,
        "f1-score": 0.9387442572741195,
        "support": 3887.0
    },
    "accuracy": 0.9466812451762284,
    "macro avg": {
        "precision": 0.9470757992672669,
        "recall": 0.9466812451762284,
        "f1-score": 0.9466477242657148,
        "support": 31096.0
    },
    "weighted avg": {
        "precision": 0.947075799267267,
        "recall": 0.9466812451762284,
        "f1-score": 0.9466477242657148,
        "support": 31096.0
    }
}