train_loss,val_loss,val_macro_f1
1.719911233840944,1.2996876951807679,0.5122331789983547
1.2101126021357917,1.235827986383841,0.5876405648978096
