{
    "ADI": {
        "precision": 0.815,
        "recall": 0.8380462724935732,
        "f1-score": 0.826362484157161,
        "support": 778.0
    },
    "DEB": {
        "precision": 0.6662665066026411,
        "recall": 0.7142857142857143,
        "f1-score": 0.6894409937888198,
        "support": 777.0
    },
    "LYM": {
        "precision": 0.8405228758169935,
        "recall": 0.8264781491002571,
        "f1-score": 0.8334413480233311,
        "support": 778.0
    },
    "MUC": {
        "precision": 0.7043795620437956,
        "recall": 0.7451737451737451,
        "f1-score": 0.724202626641651,
        "support": 777.0
    },
    "MUS": {
        "precision": 0.8028169014084507,
        "recall": 0.7335907335907336,
        "f1-score": 0.7666442501681238,
        "support": 777.0
    },
    "NOR": {
        "precision": 0.6953125,
        "recall": 0.6863753213367609,
        "f1-score": 0.6908150064683053,
        "support": 778.0
    },
    "STR": {
        "precision": 0.6408706166868199,
        "recall": 0.6821106821106822,
        "f1-score": 0.6608478802992519,
        "support": 777.0
    },
    "TUM": {
        "precision": 0.7093525179856115,
        "recall": 0.6336760925449871,
        "f1-score": 0.6693822131704006,
        "support": 778.0
    },
    "accuracy": 0.732475884244373,
    "macro avg": {
        "precision": 0.734315185068039,
        "recall": 0.7324670888295567,
        "f1-score": 0.7326421003396305,
        "support": 6220.0
    },
    "weighted avg": {
        "precision": 0.7343349482760022,
        "recall": 0.732475884244373,
        "f1-score": 0.7326564785792545,
        "support": 6220.0
    }
}