{
    "ADI": {
        "precision": 0.8026004728132388,
        "recall": 0.8738738738738738,
        "f1-score": 0.8367221195317314,
        "support": 777.0
    },
    "DEB": {
        "precision": 0.7119700748129676,
        "recall": 0.7339331619537275,
        "f1-score": 0.7227848101265822,
        "support": 778.0
    },
    "LYM": {
        "precision": 0.8035294117647059,
        "recall": 0.879021879021879,
        "f1-score": 0.8395820528580209,
        "support": 777.0
    },
    "MUC": {
        "precision": 0.7331606217616581,
        "recall": 0.7284427284427284,
        "f1-score": 0.7307940606843124,
        "support": 777.0
    },
    "MUS": {
        "precision": 0.7938420348058902,
        "recall": 0.7622107969151671,
        "f1-score": 0.7777049180327869,
        "support": 778.0
    },
    "NOR": {
        "precision": 0.6875,
        "recall": 0.6087516087516087,
        "f1-score": 0.6457337883959045,
        "support": 777.0
    },
    "STR": {
        "precision": 0.666232073011734,
        "recall": 0.6568123393316195,
        "f1-score": 0.6614886731391586,
        "support": 778.0
    },
    "TUM": {
        "precision": 0.7041499330655957,
        "recall": 0.676962676962677,
        "f1-score": 0.6902887139107612,
        "support": 777.0
    },
    "accuracy": 0.7399903521466473,
    "macro avg": {
        "precision": 0.7378730777544739,
        "recall": 0.74000113315666,
        "f1-score": 0.7381373920849073,
        "support": 6219.0
    },
    "weighted avg": {
        "precision": 0.7378663925879466,
        "recall": 0.7399903521466473,
        "f1-score": 0.7381289608620488,
        "support": 6219.0
    }
}