{
    "ADI": {
        "precision": 0.9867532467532467,
        "recall": 0.9773604322099305,
        "f1-score": 0.9820343802507432,
        "support": 3887.0
    },
    "DEB": {
        "precision": 0.9757544493164818,
        "recall": 0.9732441471571907,
        "f1-score": 0.9744976816074189,
        "support": 3887.0
    },
    "LYM": {
        "precision": 0.9772899318697956,
        "recall": 0.9963982505788526,
        "f1-score": 0.9867515923566879,
        "support": 3887.0
    },
    "MUC": {
        "precision": 0.9605527638190955,
        "recall": 0.9835348597890404,
        "f1-score": 0.9719079700012712,
        "support": 3887.0
    },
    "MUS": {
        "precision": 0.9850393700787402,
        "recall": 0.9655261126833034,
        "f1-score": 0.9751851370663895,
        "support": 3887.0
    },
    "NOR": {
        "precision": 0.9710071210579858,
        "recall": 0.9822485207100592,
        "f1-score": 0.9765954725668244,
        "support": 3887.0
    },
    "STR": {
        "precision": 0.9773803261441346,
        "recall": 0.9560072034988423,
        "f1-score": 0.9665756275198335,
        "support": 3887.0
    },
    "TUM": {
        "precision": 0.9744976816074189,
        "recall": 0.9732441471571907,
        "f1-score": 0.9738705110052774,
        "support": 3887.0
    },
    "accuracy": 0.9759454592230512,
    "macro avg": {
        "precision": 0.9760343613308624,
        "recall": 0.9759454592230512,
        "f1-score": 0.9759272965468058,
        "support": 31096.0
    },
    "weighted avg": {
        "precision": 0.9760343613308624,
        "recall": 0.9759454592230512,
        "f1-score": 0.9759272965468058,
        "support": 31096.0
    }
}