{
    "ADI": {
        "precision": 0.8603988603988604,
        "recall": 0.7773487773487774,
        "f1-score": 0.8167680865449628,
        "support": 777.0
    },
    "DEB": {
        "precision": 0.7338345864661654,
        "recall": 0.6272493573264781,
        "f1-score": 0.6763686763686764,
        "support": 778.0
    },
    "LYM": {
        "precision": 0.8229548229548229,
        "recall": 0.8674388674388674,
        "f1-score": 0.8446115288220551,
        "support": 777.0
    },
    "MUC": {
        "precision": 0.6825396825396826,
        "recall": 0.7737789203084833,
        "f1-score": 0.7253012048192771,
        "support": 778.0
    },
    "MUS": {
        "precision": 0.8138847858197932,
        "recall": 0.7091377091377091,
        "f1-score": 0.7579092159559835,
        "support": 777.0
    },
    "NOR": {
        "precision": 0.676985195154778,
        "recall": 0.6473616473616474,
        "f1-score": 0.6618421052631579,
        "support": 777.0
    },
    "STR": {
        "precision": 0.6400449943757031,
        "recall": 0.7313624678663239,
        "f1-score": 0.6826634673065387,
        "support": 778.0
    },
    "TUM": {
        "precision": 0.6579572446555819,
        "recall": 0.712998712998713,
        "f1-score": 0.6843730697961705,
        "support": 777.0
    },
    "accuracy": 0.7308248914616498,
    "macro avg": {
        "precision": 0.7360750215456734,
        "recall": 0.730834557473375,
        "f1-score": 0.7312296693596028,
        "support": 6219.0
    },
    "weighted avg": {
        "precision": 0.7360506115438635,
        "recall": 0.7308248914616498,
        "f1-score": 0.7312120852368202,
        "support": 6219.0
    }
}