{
    "ADI": {
        "precision": 0.0,
        "recall": 0.0,
        "f1-score": 0.0,
        "support": 292.0
    },
    "DEB": {
        "precision": 0.5,
        "recall": 0.0410958904109589,
        "f1-score": 0.0759493670886076,
        "support": 292.0
    },
    "LYM": {
        "precision": 0.5869565217391305,
        "recall": 0.8321917808219178,
        "f1-score": 0.6883852691218131,
        "support": 292.0
    },
    "MUC": {
        "precision": 0.3188976377952756,
        "recall": 0.8321917808219178,
        "f1-score": 0.46110056925996207,
        "support": 292.0
    },
    "MUS": {
        "precision": 0.44306418219461696,
        "recall": 0.7328767123287672,
        "f1-score": 0.552258064516129,
        "support": 292.0
    },
    "NOR": {
        "precision": 0.19230769230769232,
        "recall": 0.08561643835616438,
        "f1-score": 0.11848341232227488,
        "support": 292.0
    },
    "STR": {
        "precision": 0.23076923076923078,
        "recall": 0.05136986301369863,
        "f1-score": 0.08403361344537816,
        "support": 292.0
    },
    "TUM": {
        "precision": 0.40486725663716816,
        "recall": 0.6267123287671232,
        "f1-score": 0.49193548387096775,
        "support": 292.0
    },
    "accuracy": 0.4002568493150685,
    "macro avg": {
        "precision": 0.3346078151803893,
        "recall": 0.4002568493150685,
        "f1-score": 0.3090182224531416,
        "support": 2336.0
    },
    "weighted avg": {
        "precision": 0.3346078151803893,
        "recall": 0.4002568493150685,
        "f1-score": 0.3090182224531416,
        "support": 2336.0
    }
}