{
    "ADI": {
        "precision": 0.8421052631578947,
        "recall": 0.8247422680412371,
        "f1-score": 0.8333333333333334,
        "support": 388.0
    },
    "DEB": {
        "precision": 0.7613636363636364,
        "recall": 0.6889460154241646,
        "f1-score": 0.7233468286099866,
        "support": 389.0
    },
    "LYM": {
        "precision": 0.7945205479452054,
        "recall": 0.8946015424164524,
        "f1-score": 0.841596130592503,
        "support": 389.0
    },
    "MUC": {
        "precision": 0.7222222222222222,
        "recall": 0.770618556701031,
        "f1-score": 0.7456359102244389,
        "support": 388.0
    },
    "MUS": {
        "precision": 0.8125,
        "recall": 0.7352185089974294,
        "f1-score": 0.7719298245614035,
        "support": 389.0
    },
    "NOR": {
        "precision": 0.6763285024154589,
        "recall": 0.7197943444730077,
        "f1-score": 0.6973848069738481,
        "support": 389.0
    },
    "STR": {
        "precision": 0.707774798927614,
        "recall": 0.6786632390745502,
        "f1-score": 0.6929133858267716,
        "support": 389.0
    },
    "TUM": {
        "precision": 0.7098445595854922,
        "recall": 0.7061855670103093,
        "f1-score": 0.7080103359173127,
        "support": 388.0
    },
    "accuracy": 0.7523319395303957,
    "macro avg": {
        "precision": 0.7533324413271905,
        "recall": 0.7523462552672726,
        "f1-score": 0.7517688195049497,
        "support": 3109.0
    },
    "weighted avg": {
        "precision": 0.7533278820730945,
        "recall": 0.7523319395303957,
        "f1-score": 0.7517586319459403,
        "support": 3109.0
    }
}