{
    "ADI": {
        "precision": 0.8286445012787724,
        "recall": 0.8350515463917526,
        "f1-score": 0.8318356867779204,
        "support": 388.0
    },
    "DEB": {
        "precision": 0.6970443349753694,
        "recall": 0.7275064267352185,
        "f1-score": 0.7119496855345911,
        "support": 389.0
    },
    "LYM": {
        "precision": 0.8268292682926829,
        "recall": 0.87146529562982,
        "f1-score": 0.8485607008760951,
        "support": 389.0
    },
    "MUC": {
        "precision": 0.7717948717948718,
        "recall": 0.7757731958762887,
        "f1-score": 0.7737789203084833,
        "support": 388.0
    },
    "MUS": {
        "precision": 0.8490028490028491,
        "recall": 0.7660668380462725,
        "f1-score": 0.8054054054054054,
        "support": 389.0
    },
    "NOR": {
        "precision": 0.6852300242130751,
        "recall": 0.7275064267352185,
        "f1-score": 0.7057356608478803,
        "support": 389.0
    },
    "STR": {
        "precision": 0.6967930029154519,
        "recall": 0.615979381443299,
        "f1-score": 0.6538987688098495,
        "support": 388.0
    },
    "TUM": {
        "precision": 0.6691358024691358,
        "recall": 0.6966580976863753,
        "f1-score": 0.6826196473551638,
        "support": 389.0
    },
    "accuracy": 0.752010292698617,
    "macro avg": {
        "precision": 0.7530593318677761,
        "recall": 0.7520009010680306,
        "f1-score": 0.7517230594894236,
        "support": 3109.0
    },
    "weighted avg": {
        "precision": 0.7530470917968897,
        "recall": 0.752010292698617,
        "f1-score": 0.7517216621920844,
        "support": 3109.0
    }
}