train_loss,val_loss,val_macro_f1
1.8786466654441127,1.744418814446624,0.29853713673995774
1.54454729475132,1.507689289422895,0.4354824169261598
