{
    "ADI": {
        "precision": 0.8152709359605911,
        "recall": 0.8508997429305912,
        "f1-score": 0.8327044025157233,
        "support": 389.0
    },
    "DEB": {
        "precision": 0.7081081081081081,
        "recall": 0.6735218508997429,
        "f1-score": 0.6903820816864296,
        "support": 389.0
    },
    "LYM": {
        "precision": 0.8390243902439024,
        "recall": 0.8865979381443299,
        "f1-score": 0.8621553884711779,
        "support": 388.0
    },
    "MUC": {
        "precision": 0.7235142118863049,
        "recall": 0.7197943444730077,
        "f1-score": 0.7216494845360825,
        "support": 389.0
    },
    "MUS": {
        "precision": 0.8096590909090909,
        "recall": 0.7326478149100257,
        "f1-score": 0.7692307692307693,
        "support": 389.0
    },
    "NOR": {
        "precision": 0.6683544303797468,
        "recall": 0.6804123711340206,
        "f1-score": 0.6743295019157088,
        "support": 388.0
    },
    "STR": {
        "precision": 0.7008086253369272,
        "recall": 0.6683804627249358,
        "f1-score": 0.6842105263157895,
        "support": 389.0
    },
    "TUM": {
        "precision": 0.6634844868735084,
        "recall": 0.7146529562982005,
        "f1-score": 0.6881188118811881,
        "support": 389.0
    },
    "accuracy": 0.7408360128617363,
    "macro avg": {
        "precision": 0.7410280349622724,
        "recall": 0.7408634351893568,
        "f1-score": 0.7403476208191087,
        "support": 3110.0
    },
    "weighted avg": {
        "precision": 0.7410198925987037,
        "recall": 0.7408360128617363,
        "f1-score": 0.7403296820252988,
        "support": 3110.0
    }
}