{
    "ADI": {
        "precision": 0.7222222222222222,
        "recall": 0.7123287671232876,
        "f1-score": 0.7172413793103448,
        "support": 292.0
    },
    "DEB": {
        "precision": 0.3548387096774194,
        "recall": 0.03767123287671233,
        "f1-score": 0.06811145510835913,
        "support": 292.0
    },
    "LYM": {
        "precision": 0.4620573355817875,
        "recall": 0.9383561643835616,
        "f1-score": 0.6192090395480226,
        "support": 292.0
    },
    "MUC": {
        "precision": 0.5616438356164384,
        "recall": 0.4212328767123288,
        "f1-score": 0.48140900195694714,
        "support": 292.0
    },
    "MUS": {
        "precision": 0.46218487394957986,
        "recall": 0.7534246575342466,
        "f1-score": 0.5729166666666666,
        "support": 292.0
    },
    "NOR": {
        "precision": 0.22916666666666666,
        "recall": 0.03767123287671233,
        "f1-score": 0.06470588235294118,
        "support": 292.0
    },
    "STR": {
        "precision": 0.38636363636363635,
        "recall": 0.11643835616438356,
        "f1-score": 0.17894736842105263,
        "support": 292.0
    },
    "TUM": {
        "precision": 0.37099494097807756,
        "recall": 0.7534246575342466,
        "f1-score": 0.4971751412429379,
        "support": 292.0
    },
    "accuracy": 0.4713184931506849,
    "macro avg": {
        "precision": 0.4436840276319785,
        "recall": 0.47131849315068497,
        "f1-score": 0.399964491825909,
        "support": 2336.0
    },
    "weighted avg": {
        "precision": 0.4436840276319785,
        "recall": 0.4713184931506849,
        "f1-score": 0.399964491825909,
        "support": 2336.0
    }
}