{
    "ADI": {
        "precision": 0.8701657458563536,
        "recall": 0.8097686375321337,
        "f1-score": 0.8388814913448736,
        "support": 389.0
    },
    "DEB": {
        "precision": 0.7216494845360825,
        "recall": 0.7216494845360825,
        "f1-score": 0.7216494845360825,
        "support": 388.0
    },
    "LYM": {
        "precision": 0.8084112149532711,
        "recall": 0.8894601542416453,
        "f1-score": 0.847001223990208,
        "support": 389.0
    },
    "MUC": {
        "precision": 0.7122302158273381,
        "recall": 0.7634961439588689,
        "f1-score": 0.7369727047146402,
        "support": 389.0
    },
    "MUS": {
        "precision": 0.8512658227848101,
        "recall": 0.6932989690721649,
        "f1-score": 0.7642045454545454,
        "support": 388.0
    },
    "NOR": {
        "precision": 0.6709183673469388,
        "recall": 0.6760925449871465,
        "f1-score": 0.6734955185659411,
        "support": 389.0
    },
    "STR": {
        "precision": 0.6483253588516746,
        "recall": 0.6966580976863753,
        "f1-score": 0.6716232961586122,
        "support": 389.0
    },
    "TUM": {
        "precision": 0.6786632390745502,
        "recall": 0.6786632390745502,
        "f1-score": 0.6786632390745502,
        "support": 389.0
    },
    "accuracy": 0.7411575562700965,
    "macro avg": {
        "precision": 0.7452036811538774,
        "recall": 0.7411359088861209,
        "f1-score": 0.7415614379799316,
        "support": 3110.0
    },
    "weighted avg": {
        "precision": 0.7451771512680211,
        "recall": 0.7411575562700965,
        "f1-score": 0.7415605597953558,
        "support": 3110.0
    }
}