{
    "ADI": {
        "precision": 0.8095238095238095,
        "recall": 0.785958904109589,
        "f1-score": 0.7975673327541268,
        "support": 584.0
    },
    "DEB": {
        "precision": 0.7417943107221007,
        "recall": 0.5804794520547946,
        "f1-score": 0.6512968299711815,
        "support": 584.0
    },
    "LYM": {
        "precision": 0.6799037304452467,
        "recall": 0.9674657534246576,
        "f1-score": 0.7985865724381626,
        "support": 584.0
    },
    "MUC": {
        "precision": 0.5218446601941747,
        "recall": 0.7363013698630136,
        "f1-score": 0.6107954545454546,
        "support": 584.0
    },
    "MUS": {
        "precision": 0.6891117478510028,
        "recall": 0.8236301369863014,
        "f1-score": 0.750390015600624,
        "support": 584.0
    },
    "NOR": {
        "precision": 0.6780684104627767,
        "recall": 0.577054794520548,
        "f1-score": 0.6234967622571693,
        "support": 584.0
    },
    "STR": {
        "precision": 0.647196261682243,
        "recall": 0.4743150684931507,
        "f1-score": 0.5474308300395256,
        "support": 584.0
    },
    "TUM": {
        "precision": 0.8432432432432433,
        "recall": 0.5342465753424658,
        "f1-score": 0.6540880503144654,
        "support": 584.0
    },
    "accuracy": 0.684931506849315,
    "macro avg": {
        "precision": 0.7013357717655747,
        "recall": 0.684931506849315,
        "f1-score": 0.6792064809900887,
        "support": 4672.0
    },
    "weighted avg": {
        "precision": 0.7013357717655747,
        "recall": 0.684931506849315,
        "f1-score": 0.6792064809900887,
        "support": 4672.0
    }
}