{
    "ADI": {
        "precision": 0.8316582914572864,
        "recall": 0.8508997429305912,
        "f1-score": 0.841168996188056,
        "support": 389.0
    },
    "DEB": {
        "precision": 0.7690058479532164,
        "recall": 0.6760925449871465,
        "f1-score": 0.719562243502052,
        "support": 389.0
    },
    "LYM": {
        "precision": 0.8201438848920863,
        "recall": 0.8814432989690721,
        "f1-score": 0.8496894409937888,
        "support": 388.0
    },
    "MUC": {
        "precision": 0.7630208333333334,
        "recall": 0.7532133676092545,
        "f1-score": 0.7580853816300129,
        "support": 389.0
    },
    "MUS": {
        "precision": 0.8711656441717791,
        "recall": 0.7300771208226221,
        "f1-score": 0.7944055944055944,
        "support": 389.0
    },
    "NOR": {
        "precision": 0.652605459057072,
        "recall": 0.6778350515463918,
        "f1-score": 0.6649810366624526,
        "support": 388.0
    },
    "STR": {
        "precision": 0.6698795180722892,
        "recall": 0.7146529562982005,
        "f1-score": 0.6915422885572139,
        "support": 389.0
    },
    "TUM": {
        "precision": 0.6823529411764706,
        "recall": 0.7455012853470437,
        "f1-score": 0.7125307125307125,
        "support": 389.0
    },
    "accuracy": 0.7536977491961415,
    "macro avg": {
        "precision": 0.7574790525141917,
        "recall": 0.7537144210637903,
        "f1-score": 0.7539957118087354,
        "support": 3110.0
    },
    "weighted avg": {
        "precision": 0.7574926244630917,
        "recall": 0.7536977491961415,
        "f1-score": 0.7539935642029351,
        "support": 3110.0
    }
}