{
    "ADI": {
        "precision": 0.8191881918819188,
        "recall": 0.8560411311053985,
        "f1-score": 0.8372093023255814,
        "support": 778.0
    },
    "DEB": {
        "precision": 0.7036553524804178,
        "recall": 0.6936936936936937,
        "f1-score": 0.6986390149060272,
        "support": 777.0
    },
    "LYM": {
        "precision": 0.8186157517899761,
        "recall": 0.8817480719794345,
        "f1-score": 0.849009900990099,
        "support": 778.0
    },
    "MUC": {
        "precision": 0.7307692307692307,
        "recall": 0.7335907335907336,
        "f1-score": 0.7321772639691715,
        "support": 777.0
    },
    "MUS": {
        "precision": 0.8044077134986226,
        "recall": 0.7516087516087516,
        "f1-score": 0.7771124417831005,
        "support": 777.0
    },
    "NOR": {
        "precision": 0.6963824289405685,
        "recall": 0.6928020565552699,
        "f1-score": 0.6945876288659794,
        "support": 778.0
    },
    "STR": {
        "precision": 0.6820143884892086,
        "recall": 0.61003861003861,
        "f1-score": 0.6440217391304348,
        "support": 777.0
    },
    "TUM": {
        "precision": 0.6642512077294686,
        "recall": 0.7069408740359897,
        "f1-score": 0.684931506849315,
        "support": 778.0
    },
    "accuracy": 0.7408360128617363,
    "macro avg": {
        "precision": 0.7399105331974265,
        "recall": 0.7408079903259852,
        "f1-score": 0.7397110998524636,
        "support": 6220.0
    },
    "weighted avg": {
        "precision": 0.7399167704076438,
        "recall": 0.7408360128617363,
        "f1-score": 0.739728285373303,
        "support": 6220.0
    }
}