{
    "ADI": {
        "precision": 0.8053927315357562,
        "recall": 0.8841698841698842,
        "f1-score": 0.8429447852760736,
        "support": 777.0
    },
    "DEB": {
        "precision": 0.724,
        "recall": 0.6988416988416989,
        "f1-score": 0.7111984282907662,
        "support": 777.0
    },
    "LYM": {
        "precision": 0.7762863534675615,
        "recall": 0.8920308483290489,
        "f1-score": 0.8301435406698564,
        "support": 778.0
    },
    "MUC": {
        "precision": 0.7624161073825504,
        "recall": 0.731016731016731,
        "f1-score": 0.7463863337713534,
        "support": 777.0
    },
    "MUS": {
        "precision": 0.842185128983308,
        "recall": 0.7133676092544987,
        "f1-score": 0.7724425887265136,
        "support": 778.0
    },
    "NOR": {
        "precision": 0.6634026927784578,
        "recall": 0.6975546975546976,
        "f1-score": 0.6800501882057717,
        "support": 777.0
    },
    "STR": {
        "precision": 0.702158273381295,
        "recall": 0.6280566280566281,
        "f1-score": 0.6630434782608695,
        "support": 777.0
    },
    "TUM": {
        "precision": 0.6674937965260546,
        "recall": 0.6915167095115681,
        "f1-score": 0.6792929292929293,
        "support": 778.0
    },
    "accuracy": 0.7420807203730503,
    "macro avg": {
        "precision": 0.7429168855068728,
        "recall": 0.7420693508418444,
        "f1-score": 0.7406877840617667,
        "support": 6219.0
    },
    "weighted avg": {
        "precision": 0.7429260854783243,
        "recall": 0.7420807203730503,
        "f1-score": 0.7406974022811756,
        "support": 6219.0
    }
}