{
    "ADI": {
        "precision": 0.8307291666666666,
        "recall": 0.8200514138817481,
        "f1-score": 0.8253557567917206,
        "support": 389.0
    },
    "DEB": {
        "precision": 0.6825775656324582,
        "recall": 0.7371134020618557,
        "f1-score": 0.7087980173482032,
        "support": 388.0
    },
    "LYM": {
        "precision": 0.7958715596330275,
        "recall": 0.8920308483290489,
        "f1-score": 0.8412121212121212,
        "support": 389.0
    },
    "MUC": {
        "precision": 0.7427821522309711,
        "recall": 0.7275064267352185,
        "f1-score": 0.7350649350649351,
        "support": 389.0
    },
    "MUS": {
        "precision": 0.8207282913165266,
        "recall": 0.7551546391752577,
        "f1-score": 0.7865771812080536,
        "support": 388.0
    },
    "NOR": {
        "precision": 0.6503667481662592,
        "recall": 0.6838046272493573,
        "f1-score": 0.6666666666666666,
        "support": 389.0
    },
    "STR": {
        "precision": 0.6736842105263158,
        "recall": 0.6580976863753213,
        "f1-score": 0.6657997399219766,
        "support": 389.0
    },
    "TUM": {
        "precision": 0.7238372093023255,
        "recall": 0.6401028277634961,
        "f1-score": 0.679399727148704,
        "support": 389.0
    },
    "accuracy": 0.7392282958199357,
    "macro avg": {
        "precision": 0.7400721129343188,
        "recall": 0.7392327339464129,
        "f1-score": 0.7386092681702976,
        "support": 3110.0
    },
    "weighted avg": {
        "precision": 0.7400646654645181,
        "recall": 0.7392282958199357,
        "f1-score": 0.7386034300152444,
        "support": 3110.0
    }
}