{
    "ADI": {
        "precision": 0.602017937219731,
        "recall": 0.9195205479452054,
        "f1-score": 0.7276422764227642,
        "support": 584.0
    },
    "DEB": {
        "precision": 0.4536082474226804,
        "recall": 0.1506849315068493,
        "f1-score": 0.2262210796915167,
        "support": 584.0
    },
    "LYM": {
        "precision": 0.4929328621908127,
        "recall": 0.9554794520547946,
        "f1-score": 0.6503496503496503,
        "support": 584.0
    },
    "MUC": {
        "precision": 0.4384858044164038,
        "recall": 0.476027397260274,
        "f1-score": 0.45648604269293924,
        "support": 584.0
    },
    "MUS": {
        "precision": 0.5786593707250342,
        "recall": 0.7243150684931506,
        "f1-score": 0.6433460076045627,
        "support": 584.0
    },
    "NOR": {
        "precision": 0.583941605839416,
        "recall": 0.136986301369863,
        "f1-score": 0.22191400832177532,
        "support": 584.0
    },
    "STR": {
        "precision": 0.5874439461883408,
        "recall": 0.2243150684931507,
        "f1-score": 0.3246592317224288,
        "support": 584.0
    },
    "TUM": {
        "precision": 0.5637860082304527,
        "recall": 0.7037671232876712,
        "f1-score": 0.6260472201066261,
        "support": 584.0
    },
    "accuracy": 0.5363869863013698,
    "macro avg": {
        "precision": 0.537609472779109,
        "recall": 0.5363869863013698,
        "f1-score": 0.48458318961403296,
        "support": 4672.0
    },
    "weighted avg": {
        "precision": 0.5376094727791089,
        "recall": 0.5363869863013698,
        "f1-score": 0.4845831896140329,
        "support": 4672.0
    }
}