{
    "ADI": {
        "precision": 0.8160621761658031,
        "recall": 0.8097686375321337,
        "f1-score": 0.8129032258064516,
        "support": 389.0
    },
    "DEB": {
        "precision": 0.7263157894736842,
        "recall": 0.711340206185567,
        "f1-score": 0.71875,
        "support": 388.0
    },
    "LYM": {
        "precision": 0.783410138248848,
        "recall": 0.8740359897172236,
        "f1-score": 0.8262454434993924,
        "support": 389.0
    },
    "MUC": {
        "precision": 0.6981132075471698,
        "recall": 0.7609254498714653,
        "f1-score": 0.7281672816728167,
        "support": 389.0
    },
    "MUS": {
        "precision": 0.8052325581395349,
        "recall": 0.7139175257731959,
        "f1-score": 0.7568306010928961,
        "support": 388.0
    },
    "NOR": {
        "precision": 0.6666666666666666,
        "recall": 0.5501285347043702,
        "f1-score": 0.6028169014084507,
        "support": 389.0
    },
    "STR": {
        "precision": 0.6380697050938338,
        "recall": 0.6118251928020566,
        "f1-score": 0.6246719160104987,
        "support": 389.0
    },
    "TUM": {
        "precision": 0.6353467561521253,
        "recall": 0.7319587628865979,
        "f1-score": 0.6802395209580838,
        "support": 388.0
    },
    "accuracy": 0.7204889031843036,
    "macro avg": {
        "precision": 0.7211521246859582,
        "recall": 0.7204875374340762,
        "f1-score": 0.7188281113060737,
        "support": 3109.0
    },
    "weighted avg": {
        "precision": 0.7211510186294425,
        "recall": 0.7204889031843036,
        "f1-score": 0.7188283249477165,
        "support": 3109.0
    }
}