train_loss,val_loss,val_macro_f1
1.9687027608184782,2.1858198584068553,0.2268402996193943
1.6577350579151144,1.6109637865571032,0.399964491825909
