{
    "ADI": {
        "precision": 0.8529411764705882,
        "recall": 0.8200514138817481,
        "f1-score": 0.836173001310616,
        "support": 389.0
    },
    "DEB": {
        "precision": 0.7467700258397932,
        "recall": 0.7448453608247423,
        "f1-score": 0.7458064516129033,
        "support": 388.0
    },
    "LYM": {
        "precision": 0.8184019370460048,
        "recall": 0.8688946015424165,
        "f1-score": 0.8428927680798005,
        "support": 389.0
    },
    "MUC": {
        "precision": 0.7006960556844548,
        "recall": 0.7763496143958869,
        "f1-score": 0.7365853658536585,
        "support": 389.0
    },
    "MUS": {
        "precision": 0.8174157303370787,
        "recall": 0.75,
        "f1-score": 0.782258064516129,
        "support": 388.0
    },
    "NOR": {
        "precision": 0.6647887323943662,
        "recall": 0.6066838046272494,
        "f1-score": 0.6344086021505376,
        "support": 389.0
    },
    "STR": {
        "precision": 0.7020648967551623,
        "recall": 0.6118251928020566,
        "f1-score": 0.6538461538461539,
        "support": 389.0
    },
    "TUM": {
        "precision": 0.6387665198237885,
        "recall": 0.7474226804123711,
        "f1-score": 0.6888361045130641,
        "support": 388.0
    },
    "accuracy": 0.7407526535863622,
    "macro avg": {
        "precision": 0.7427306342939046,
        "recall": 0.7407590835608089,
        "f1-score": 0.7401008139853578,
        "support": 3109.0
    },
    "weighted avg": {
        "precision": 0.7427387525399262,
        "recall": 0.7407526535863622,
        "f1-score": 0.7401019081704057,
        "support": 3109.0
    }
}