{
    "ADI": {
        "precision": 0.8498583569405099,
        "recall": 0.7712082262210797,
        "f1-score": 0.8086253369272237,
        "support": 778.0
    },
    "DEB": {
        "precision": 0.7098445595854922,
        "recall": 0.7052767052767053,
        "f1-score": 0.7075532601678503,
        "support": 777.0
    },
    "LYM": {
        "precision": 0.8246913580246914,
        "recall": 0.8597168597168597,
        "f1-score": 0.8418399495904222,
        "support": 777.0
    },
    "MUC": {
        "precision": 0.725925925925926,
        "recall": 0.7557840616966581,
        "f1-score": 0.7405541561712846,
        "support": 778.0
    },
    "MUS": {
        "precision": 0.8064516129032258,
        "recall": 0.7400257400257401,
        "f1-score": 0.7718120805369127,
        "support": 777.0
    },
    "NOR": {
        "precision": 0.662303664921466,
        "recall": 0.6503856041131105,
        "f1-score": 0.6562905317769131,
        "support": 778.0
    },
    "STR": {
        "precision": 0.6800518134715026,
        "recall": 0.6756756756756757,
        "f1-score": 0.6778566817301485,
        "support": 777.0
    },
    "TUM": {
        "precision": 0.6456422018348624,
        "recall": 0.7245817245817245,
        "f1-score": 0.6828380836870831,
        "support": 777.0
    },
    "accuracy": 0.73532722302621,
    "macro avg": {
        "precision": 0.7380961867009594,
        "recall": 0.7353318246634442,
        "f1-score": 0.7359212600734797,
        "support": 6219.0
    },
    "weighted avg": {
        "precision": 0.7381000135843306,
        "recall": 0.73532722302621,
        "f1-score": 0.7359208912432265,
        "support": 6219.0
    }
}