{
    "ADI": {
        "precision": 0.848,
        "recall": 0.8185328185328186,
        "f1-score": 0.8330058939096268,
        "support": 777.0
    },
    "DEB": {
        "precision": 0.7344213649851632,
        "recall": 0.6362467866323908,
        "f1-score": 0.6818181818181818,
        "support": 778.0
    },
    "LYM": {
        "precision": 0.8153310104529616,
        "recall": 0.9034749034749034,
        "f1-score": 0.8571428571428571,
        "support": 777.0
    },
    "MUC": {
        "precision": 0.7044392523364486,
        "recall": 0.7750642673521851,
        "f1-score": 0.7380660954712362,
        "support": 778.0
    },
    "MUS": {
        "precision": 0.8226037195994278,
        "recall": 0.7400257400257401,
        "f1-score": 0.7791327913279132,
        "support": 777.0
    },
    "NOR": {
        "precision": 0.6442307692307693,
        "recall": 0.6898326898326899,
        "f1-score": 0.6662523306401492,
        "support": 777.0
    },
    "STR": {
        "precision": 0.6744759556103576,
        "recall": 0.7030848329048843,
        "f1-score": 0.6884833228445564,
        "support": 778.0
    },
    "TUM": {
        "precision": 0.6970108695652174,
        "recall": 0.6602316602316602,
        "f1-score": 0.6781229345670853,
        "support": 777.0
    },
    "accuracy": 0.7407943399260332,
    "macro avg": {
        "precision": 0.7425641177225432,
        "recall": 0.740811712373409,
        "f1-score": 0.7402530509652008,
        "support": 6219.0
    },
    "weighted avg": {
        "precision": 0.7425457295925808,
        "recall": 0.7407943399260332,
        "f1-score": 0.7402349786782154,
        "support": 6219.0
    }
}