{
    "ADI": {
        "precision": 0.6861538461538461,
        "recall": 0.7636986301369864,
        "f1-score": 0.7228525121555915,
        "support": 292.0
    },
    "DEB": {
        "precision": 0.6438356164383562,
        "recall": 0.4828767123287671,
        "f1-score": 0.5518590998043053,
        "support": 292.0
    },
    "LYM": {
        "precision": 0.6269662921348315,
        "recall": 0.9554794520547946,
        "f1-score": 0.757123473541384,
        "support": 292.0
    },
    "MUC": {
        "precision": 0.4543147208121827,
        "recall": 0.613013698630137,
        "f1-score": 0.521865889212828,
        "support": 292.0
    },
    "MUS": {
        "precision": 0.7088122605363985,
        "recall": 0.6335616438356164,
        "f1-score": 0.6690777576853526,
        "support": 292.0
    },
    "NOR": {
        "precision": 0.46464646464646464,
        "recall": 0.4726027397260274,
        "f1-score": 0.4685908319185059,
        "support": 292.0
    },
    "STR": {
        "precision": 0.579185520361991,
        "recall": 0.4383561643835616,
        "f1-score": 0.49902534113060426,
        "support": 292.0
    },
    "TUM": {
        "precision": 0.6839080459770115,
        "recall": 0.4075342465753425,
        "f1-score": 0.5107296137339056,
        "support": 292.0
    },
    "accuracy": 0.5958904109589042,
    "macro avg": {
        "precision": 0.6059778458826353,
        "recall": 0.595890410958904,
        "f1-score": 0.5876405648978096,
        "support": 2336.0
    },
    "weighted avg": {
        "precision": 0.6059778458826354,
        "recall": 0.5958904109589042,
        "f1-score": 0.5876405648978095,
        "support": 2336.0
    }
}