{
    "ADI": {
        "precision": 0.8626373626373627,
        "recall": 0.8092783505154639,
        "f1-score": 0.8351063829787234,
        "support": 388.0
    },
    "DEB": {
        "precision": 0.7391304347826086,
        "recall": 0.699228791773779,
        "f1-score": 0.7186261558784677,
        "support": 389.0
    },
    "LYM": {
        "precision": 0.804147465437788,
        "recall": 0.897172236503856,
        "f1-score": 0.8481166464155528,
        "support": 389.0
    },
    "MUC": {
        "precision": 0.7351485148514851,
        "recall": 0.7654639175257731,
        "f1-score": 0.75,
        "support": 388.0
    },
    "MUS": {
        "precision": 0.8011363636363636,
        "recall": 0.7249357326478149,
        "f1-score": 0.7611336032388664,
        "support": 389.0
    },
    "NOR": {
        "precision": 0.6574074074074074,
        "recall": 0.7300771208226221,
        "f1-score": 0.6918392204628502,
        "support": 389.0
    },
    "STR": {
        "precision": 0.7391304347826086,
        "recall": 0.6555269922879178,
        "f1-score": 0.6948228882833788,
        "support": 389.0
    },
    "TUM": {
        "precision": 0.6658536585365854,
        "recall": 0.7036082474226805,
        "f1-score": 0.6842105263157895,
        "support": 388.0
    },
    "accuracy": 0.7481505307172724,
    "macro avg": {
        "precision": 0.7505739552590263,
        "recall": 0.7481614236874884,
        "f1-score": 0.7479819279467035,
        "support": 3109.0
    },
    "weighted avg": {
        "precision": 0.7505701219781487,
        "recall": 0.7481505307172724,
        "f1-score": 0.7479737674045825,
        "support": 3109.0
    }
}